Species,Number,Mortals,Guide,Recorder,Lat,Long,Time,GPS Label,Obs-Anml Dist,Angle,Perp,Distance frm Start,Direction traveled,Fruit,Obs Type,Trail,Weather,Temperature,Date,Start/End of Trail?,Category of Date,Comments,Repetition
WCH,1,1,Jean-Jacques,ALL,3.19247,12.817665,2017-01-31T05:39:11Z,WCH 1,7,60,,480,CCW,,h,Entrance,Overcast,22,1/31/2017,6:25,EM,Everything in yellow might not have right distance from start,1
AGP,1,1,Jean-Jacques,ALL,3.193134,12.817764,2017-01-31T05:44:29Z,AGP 2,0,0,,540,CCW,,h,Entrance,Overcast,,1/31/2017,,EM,,1
RBDH,1,1,Jean-Jacques,ALL,3.19391,12.819243,2017-01-31T05:51:36Z,RBDH 3,5,320,,710,CCW,,h,Entrance,Overcast,,1/31/2017,,EM,,1
RBDH,2,2,Jean-Jacques,ALL,3.19391,12.819243,2017-01-31T05:51:36Z,RBDH 3,900,340,,710,CCW,,h,Entrance,Overcast,,1/31/2017,,EM,,1
GBT,1,0,Jean-Jacques,ALL,3.19391,12.819243,2017-01-31T05:51:36Z,RBDH 3,100,200,,710,CCW,,h,Entrance,Overcast,,1/31/2017,,EM,,1
BCH,3,3,Jean-Jacques,ALL,3.19626,12.822314,2017-01-31T06:09:17Z,BCH 4,800,270,,1170,CCW,,h,Entrance,Overcast,,1/31/2017,,EM,,1
RBDH,1,1,Jean-Jacques,ALL,3.19626,12.822314,2017-01-31T06:09:17Z,BCH 4,160,160,,1170,CCW,,h,Entrance,Overcast,,1/31/2017,,EM,,1
PPH,4,4,Jean-Jacques,ALL,3.197409,12.822201,2017-01-31T06:15:34Z,PPH 5,0,0,,1200,CCW,,s,Entrance,Overcast,,1/31/2017,,EM,,1
BCH,2,2,Jean-Jacques,ALL,3.197554,12.822068,2017-01-31T06:26:17Z,WNG 6,100,270,,1230,CCW,,h,Entrance,Overcast,,1/31/2017,,EM,,1
WNG,25,15,Jean-Jacques,ALL,3.197554,12.822068,2017-01-31T06:26:17Z,WNG 6,40,100,,1230,CCW,,s,Entrance,Overcast,,1/31/2017,,EM,But we really only saw 5,1
PPH,1,1,Jean-Jacques,ALL,3.197554,12.822068,2017-01-31T06:26:17Z,WNG 6,200,300,,1230,CCW,,h,Entrance,Overcast,,1/31/2017,,EM,,1
CRG,1,1,Jean-Jacques,ALL,3.199032,12.820826,2017-01-31T06:36:24Z,CRG 7,320,200,,1250,CCW,,h,Entrance,Overcast,,1/31/2017,,EM,,1
BCH,2,2,Jean-Jacques,ALL,3.202271,12.822187,2017-01-31T06:47:48Z,BCH 8,300,120,,1620,CCW,,h,Entrance,Overcast,,1/31/2017,,EM,,1
RBDH,2,2,Jean-Jacques,ALL,3.202365,12.822288,2017-01-31T06:51:12Z,RBDH 9,20,100,,1630,CCW,,s,Entrance,Overcast,,1/31/2017,,EM,,1
WTH,1,1,Jean-Jacques,ALL,3.202365,12.822288,2017-01-31T06:51:12Z,RBDH 9,20,20,,1630,CCW,,h,Entrance,Overcast,,1/31/2017,,EM,,1
BCH,1,1,Jean-Jacques,ALL,3.205595,12.824391,2017-01-31T07:05:35Z,BCH 10,900,320,,2006,CCW,,h,Entrance,Overcast,,1/31/2017,,EM,,1
WNG,11,3,Jean-Jacques,ALL,3.206026,12.82443,2017-01-31T07:09:50Z,WNG 11,300,100,,2110,CCW,,h,Entrance,Overcast,,1/31/2017,,EM,,1
BCH,2,2,Jean-Jacques,ALL,3.206026,12.82443,2017-01-31T07:09:50Z,WNG 11,350,30,,2110,CCW,,s,Entrance,Overcast,,1/31/2017,,EM,,1
BCH,1,1,Jean-Jacques,ALL,3.210961,12.822853,2017-01-31T07:28:14Z,BCH 12,100,270,,2490,CCW,,h,Entrance,Overcast,,1/31/2017,,EM,,1
AGP,2,2,Jean-Jacques,ALL,3.211402,12.822687,2017-01-31T07:32:12Z,ENT END,0,0,,2490,CCW,,s,Entrance,Overcast,No end temp,1/31/2017,8:32,EM,,1
BCH,1,1,Jean-Jacques,ALL,3.211451,12.822239,2017-01-31T07:45:36Z,BCH 13,100,20,,45,CCW,,h,Blowdown,Precipation,No start temp,1/31/2017,8:43,MM,,1
BCH,3,3,Jean-Jacques,ALL,3.211639,12.821493,2017-01-31T07:50:15Z,BCH 14,100,100,,135,CCW,,s,Blowdown,Precipation,,1/31/2017,,MM,,1
BCH,3,3,Jean-Jacques,ALL,3.208936,12.815595,2017-01-31T08:34:21Z,Gorilla Poop,0,0,,250,CCW,,s,Blowdown,Precipation,,1/31/2017,,MM,,1
CRG,18,0,Jean-Jacques,ALL,3.208936,12.815595,2017-01-31T08:34:21Z,CRG 15,3,300,,841,CCW,,s,Blowdown,Precipation,,1/31/2017,,MM,,1
WCH,1,1,Jean-Jacques,ALL,3.208936,12.815595,2017-01-31T08:34:21Z,CRG 15,0,0,,841,CCW,,s,Blowdown,Precipation,,1/31/2017,,MM,,1
BCH,1,1,Jean-Jacques,ALL,3.209244,12.810731,2017-01-31T09:03:43Z,BLDWN END,90,160,,900,CCW,,h,Blowdown,Precipation,No end temp,1/31/2017,,MM,,1
BCH,1,1,Jean-Jacques,ALL,3.187682,12.810814,2017-02-01T05:21:37Z,BCH 16,50,100,,200,CW,,s,Mbassako,Overcast,22,2/1/2017,6:15,EM,,1
AGP,2,2,Jean-Jacques,ALL,3.187682,12.810814,2017-02-01T05:21:37Z,BCH 16,0,0,,200,CW,,s,Mbassako,Overcast,,2/1/2017,,EM,,1
BCH,20,20,Jean-Jacques,ALL,3.187171,12.811076,2017-02-01T05:27:05Z,CRG 17,0,0,,332,CW,,s,Mbassako,Overcast,,2/1/2017,,EM,,1
CRG,15,7,Jean-Jacques,ALL,3.187171,12.811076,2017-02-01T05:27:05Z,CRG 17,30,280,,332,CW,,s,Mbassako,Overcast,,2/1/2017,,EM,,1
BCH,3,3,Jean-Jacques,ALL,3.186614,12.811518,2017-02-01T05:40:43Z,BCH 18,20,300,,636,CW,,s,Mbassako,Overcast,,2/1/2017,,EM,,1
WCH,1,1,Jean-Jacques,ALL,3.179782,12.815359,2017-02-01T06:08:56Z,WCH 19,20,270,,2100,CW,,s,Mbassako,Overcast,,2/1/2017,7:26,EM,,1
WCH,3,3,Jean-Jacques,ALL,3.173829,12.815376,2017-02-01T07:32:17Z,WCH 20,15,200,,0,CW,,s,Jello,Overcast,22,2/1/2017,8:30,MM,,1
APH,2,2,Jean-Jacques,ALL,3.173829,12.815376,2017-02-01T07:32:17Z,WCH 20,60,350,,0,CW,,s,Jello,Overcast,,2/1/2017,,MM,,1
CRG,7,1,Jean-Jacques,ALL,3.173829,12.815376,2017-02-01T07:32:17Z,WCH 20,40,320,,0,CW,,h,Jello,Overcast,,2/1/2017,,MM,,1
BCH,5,5,Jean-Jacques,ALL,3.173829,12.815376,2017-02-01T07:32:17Z,WCH 20,80,300,,0,CW,,s,Jello,Overcast,,2/1/2017,,MM,,1
GBT,1,1,Jean-Jacques,ALL,3.173829,12.815376,2017-02-01T07:32:17Z,WCH 20,130,0,,0,CW,,h,Jello,Overcast,,2/1/2017,,MM,,1
GBT,2,2,Jean-Jacques,ALL,3.173829,12.815376,2017-02-01T07:32:17Z,GBT 21,40,300,,400,CW,,h,Jello,Overcast,,2/1/2017,,MM,,1
GBT,2,2,Jean-Jacques,ALL,3.172154,12.814898,2017-02-01T07:59:55Z,GBT 22,100,280,,870,CW,,s,Jello,Overcast,22,2/1/2017,9:49,MM,,1
APH,2,2,Jean-Jacques,ALL,3.172565,12.810532,2017-02-01T08:30:22Z,APH 23,0,0,,N/A,CW,,s,Bouamir,Sunny,25,2/1/2017,12:12,LM,,1
APH,3,3,Jean-Jacques,ALL,3.17606,12.805579,2017-02-01T09:07:38Z,APH 24,0,0,,N/A,CW,,s,Bouamir,Sunny,,2/1/2017,,LM,,1
GCM,4,4,Jean-Jacques,ALL,3.177531,12.80318,2017-02-01T10:16:05Z,GCM 25,30,260,,N/A,CW,,s,Bouamir,Sunny,,2/1/2017,,LM,,1
BCH,4,4,Jean-Jacques,ALL,3.188443,12.806773,2017-02-01T11:24:39Z,BCH 26,40,0,,600,CW,,h,Bouamir,Sunny,,2/1/2017,,LM,,1
RBDH,1,1,Jean-Jacques,ALL,3.18902,12.809059,2017-02-01T11:34:13Z,RBDH 27,5,20,,N/A,CW,,h,Bouamir,Sunny,25,2/1/2017,12:43,LM,,1
CRG,1,0,Luke,JM,3.189047,12.80926,2017-02-02T05:33:51Z,23,25,10,,90,CW,,h,Bouamir,Overcast,,2/2/2017,6:26,EM,First Day With Luke. Marina and Jesse thinks missing BCH,1
RBDH,2,2,Luke,JM,3.188304,12.8057,2017-02-02T05:51:18Z,24,15,100,,600,CW,,h,Bouamir,Overcast,,2/2/2017,,EM,,1
APH,2,2,Luke,JM,3.188312,12.803397,2017-02-02T06:02:33Z,25,0,0,,990,CW,,s,Bouamir,Overcast,,2/2/2017,7:15,EM,,1
RBDH,2,2,Luke,JM,3.190672,12.802609,2017-02-02T06:30:30Z,28,10,90,,27,CW,,h,Fruitwalk,Overcast,,2/2/2017,7:25,EM,,1
AGP,4,4,Luke,JM,3.191194,12.802985,2017-02-02T06:35:55Z,29,0,0,,118,CW,,s,Fruitwalk,Overcast,,2/2/2017,,EM,,1
APH,1,1,Luke,JM,3.195189,12.800743,2017-02-02T07:34:31Z,32,20,350,,218,CW,,s,Fruitwalk,Overcast,,2/2/2017,,EM,,1
CRG,10,10,Luke,JM,3.195189,12.800743,2017-02-02T07:34:31Z,32,100,340,,1114,CW,,s,Fruitwalk,Overcast,,2/2/2017,,EM,,1
WNG,10,10,Luke,JM,3.195189,12.800743,2017-02-02T07:34:31Z,32,30,340,,1124,CW,,s,Fruitwalk,Overcast,,2/2/2017,9:02,EM,,1
BCH,2,0,Luke,JM,3.205202,12.802282,2017-02-02T08:46:37Z,37,50,190,,1300,CW,,h,Elephant,Overcast,,2/2/2017,9:02,MM,,1
CRG,20,0,Luke,JM,3.206061,12.803157,2017-02-02T08:55:03Z,38,20,100,,1579,CW,,s,Elephant,Overcast,,2/2/2017,,MM,,1
CRG,25,25,Luke,JM,3.206496,12.803558,2017-02-02T09:03:17Z,39,50,270,,1709,CW,,s,Elephant,Overcast,,2/2/2017,,MM,,1
WNG,30,30,Luke,JM,3.206469,12.803783,2017-02-02T09:06:18Z,40,50,300,,1710,CW,,s,Elephant,Overcast,,2/2/2017,,MM,,1
AGP,1,1,Luke,JM,3.206469,12.803783,2017-02-02T09:06:18Z,40,50,80,,1710,CW,,s,Elephant,Overcast,,2/2/2017,,MM,,1
CHIMP,13,13,Luke,JM,3.206469,12.803783,2017-02-02T09:06:18Z,40,300,190,,1710,CW,,h,Elephant,Overcast,,2/2/2017,,MM,,1
BCH,3,3,Luke,JM,3.206469,12.803783,2017-02-02T09:06:18Z,40,50,0,,1718,CW,,s,Elephant,Overcast,,2/2/2017,Break 10:36-11:00,MM,,1
BCH,6,6,Luke,JM,3.20853,12.809048,2017-02-02T10:02:30Z,41,0,0,,2450,CW,,s,Elephant,Overcast,,2/2/2017,11:17,MM,,1
APH,1,1,Luke,JM,3.202212,12.810869,2017-02-02T10:58:14Z,45,10,110,,1209,CW,,h,CDC,Overcast,,2/2/2017,11:25,LM,,1
RBDH,4,4,Luke,JM,3.200033,12.8113,2017-02-02T11:06:58Z,46,0,0,,1709,CW,,h,CDC,Overcast,,2/2/2017,,LM,,1
WNG,15,15,Luke,JM,3.199742,12.81189,2017-02-02T11:10:35Z,47,200,340,,1818,CW,,h,CDC,Overcast,,2/2/2017,,LM,,1
BWC,15,15,Luke,JM,3.199742,12.81189,2017-02-02T11:10:35Z,47,200,340,,1818,CW,,h,CDC,Overcast,,2/2/2017,12:41,LM,,1
BCH,1,1,Jean-Jacques,ET,3.191143,12.811528,2017-02-02T05:22:56Z,NEST STRT,24,280,,0,CCW,,h,Nest,Overcast,Start Temp: 23,2/2/2017,6:24,EM,,1
BCH,2,1,Jean-Jacques,ET,3.193267,12.81168,2017-02-02T05:33:07Z,BCH28,40,270,,345,CCW,,h,Nest,Overcast,,2/2/2017,,EM,,1
BCH,1,1,Jean-Jacques,ET,3.194003,12.811339,2017-02-02T05:39:53Z,BCH29,30,100,,500,CCW,,h,Nest,Overcast,,2/2/2017,,EM,,1
RBDH,1,1,Jean-Jacques,ET,3.194376,12.809311,2017-02-02T05:51:16Z,RBDH30,70,20,,720,CCW,,h,Nest,Overcast,,2/2/2017,,EM,,1
CRG,2,2,Jean-Jacques,ET,3.194376,12.809311,2017-02-02T05:51:16Z,RBDH30,10,300,,720,CCW,,s,Nest,Overcast,,2/2/2017,,EM,,1
BCH,2,2,Jean-Jacques,ET,3.194376,12.809311,2017-02-02T05:51:16Z,RBDH30,20,350,,720,CCW,,h,Nest,Overcast,,2/2/2017,,EM,,1
CRG,2,2,Jean-Jacques,ET,3.194723,12.808317,2017-02-02T06:08:08Z,GRG31,40,260,,780,CCW,,h,Nest,Overcast,,2/2/2017,,EM,,1
AGP,3,3,Jean-Jacques,ET,3.194997,12.807738,2017-02-02T06:15:34Z,AGP32,5,180,,940,CCW,,h,Nest,Overcast,,2/2/2017,,EM,,1
CRG,2,2,Jean-Jacques,ET,3.194997,12.807738,2017-02-02T06:15:34Z,AGP32,30,300,,940,CCW,,s,Nest,Overcast,,2/2/2017,,EM,,1
BCH,2,2,Jean-Jacques,ET,3.195154,12.807516,2017-02-02T06:24:20Z,BCH33,10,90,,960,CCW,,h,Nest,Overcast,,2/2/2017,,EM,,1
WTH,1,1,Jean-Jacques,ET,3.195243,12.807,2017-02-02T06:31:35Z,WTH34,60,20,,970,CCW,,h,Nest,Overcast,,2/2/2017,,EM,,1
RBDH,3,3,Jean-Jacques,ET,3.195243,12.807,2017-02-02T06:31:35Z,WTH34,60,270,,970,CCW,,h,Nest,Overcast,,2/2/2017,,EM,,1
BCH,1,1,Jean-Jacques,ET,3.195248,12.806472,2017-02-02T06:36:11Z,BCH35,40,10,,991,CCW,,h,Nest,Overcast,,2/2/2017,,EM,,1
BCH,1,1,Jean-Jacques,ET,3.194978,12.805689,2017-02-02T06:43:58Z,BCH36,7,180,,1080,CCW,,h,Nest,Overcast,,2/2/2017,,EM,,1
BCH,1,1,Jean-Jacques,ET,3.194796,12.805458,2017-02-02T06:46:17Z,BCH37,40,0,,1080,CCW,,h,Nest,Overcast,,2/2/2017,,EM,,1
APH,1,0,Jean-Jacques,ET,3.195527,12.802506,2017-02-02T07:05:20Z,APH38,200,90,,1610,CCW,,h,Nest,Overcast,,2/2/2017,,MM,,1
BCH,1,1,Jean-Jacques,ET,3.195411,12.802257,2017-02-02T07:11:42Z,APH39,50,90,,1610,CCW,,h,Nest,Overcast,,2/2/2017,,MM,,1
BCH,1,1,Jean-Jacques,ET,3.195411,12.802257,2017-02-02T07:11:42Z,BCH39,10,20,,1620,CCW,,h,Nest,Overcast,,2/2/2017,,MM,,1
WTH,2,2,Jean-Jacques,ET,3.19585,12.801582,2017-02-02T07:27:45Z,WTH40,25,270,,1710,CCW,,h,Nest,Overcast,,2/2/2017,,MM,,1
RBDH,1,1,Jean-Jacques,ET,3.195476,12.800917,2017-02-02T07:36:14Z,RBDH41,40,200,,1900,CCW,,h,Nest,Overcast,No End Temp,2/2/2017,8:35,MM,,1
BCH,1,1,Jean-Jacques,ET,3.19585,12.801582,2017-02-02T07:27:45Z,BCH42,50,120,,N/A,CCW,,h,Not On A Trail,Sunny,Start Temp: 23.5,2/2/2017,10:20,LM,,0
WNG,1,1,Jean-Jacques,ET,3.195476,12.800917,2017-02-02T07:36:14Z,WNG43,30,260,,N/A,CCW,,h,Not On A Trail,Sunny,,2/2/2017,,LM,,0
BCH,3,3,Jean-Jacques,ET,3.19585,12.801582,2017-02-02T07:27:45Z,BCH45,0,0,,N/A,CCW,,s,Not On A Trail,Sunny,,2/2/2017,,LM,,0
WNG,7,3,Jean-Jacques,ET,3.195476,12.800917,2017-02-02T07:36:14Z,WNG46,21,10,,50,CCW,,s,SB SWAMP LOOP,Sunny,,2/2/2017,START: 11:10,LM,,1
BCH,2,2,Jean-Jacques,ET,3.19585,12.801582,2017-02-02T07:27:45Z,BCH47,23,350,,200,CCW,,h,SB SWAMP LOOP,Sunny,,2/2/2017,,LM,,1
BCH,2,2,Jean-Jacques,ET,3.195476,12.800917,2017-02-02T07:36:14Z,BCH48,27,60,,550,CCW,,h,SB SWAMP LOOP,Sunny,,2/2/2017,,LM,,1
MM,4,4,Jean-Jacques,ET,3.19585,12.801582,2017-02-02T07:27:45Z,MM49,300,2,,600,CCW,,h,SB SWAMP LOOP,Sunny,,2/2/2017,,LM,,1
BCH,3,3,Jean-Jacques,ET,3.195476,12.800917,2017-02-02T07:36:14Z,BCH50,0,0,,620,CCW,,s,SB SWAMP LOOP,Sunny,End Temp:23.5,2/2/2017,11:54,LM,,1
BCH,1,1,Jean-Jacques,ET,3.193928,12.819278,2017-02-03T06:32:23Z,BCH52,27,300,,110,CCW,,h,Entrance,Overcast,Start Temp: 21.5,2/3/2017,7:30,EM,,2
WCH,1,1,Jean-Jacques,ET,3.193722,12.820896,2017-02-03T06:38:39Z,WCH53,3,45,,290,CCW,,s,Entrance,Overcast,,2/3/2017,,EM,,2
RBDH,2,2,Jean-Jacques,ET,3.193932,12.821403,2017-02-03T06:40:52Z,RBDH54,40,30,,360,CCW,,h,Entrance,Overcast,,2/3/2017,,EM,,2
WCH,1,1,Jean-Jacques,ET,3.195653,12.8222,2017-02-03T06:46:55Z,WCH55,29,35,,600,CCW,,h,Entrance,Overcast,,2/3/2017,,EM,,2
WNG,2,2,Jean-Jacques,ET,3.196658,12.822474,2017-02-03T06:52:41Z,WNG56,5,270,,680,CCW,,s,Entrance,Overcast,,2/3/2017,,EM,,2
BCH,1,1,Jean-Jacques,ET,3.197123,12.822346,2017-02-03T06:59:47Z,BCH57,15,270,,790,CCW,,h,Entrance,Overcast,,2/3/2017,,EM,,2
WCH,1,1,Jean-Jacques,ET,3.197123,12.822346,2017-02-03T06:59:47Z,BCH57,40,310,,790,CCW,,h,Entrance,Overcast,,2/3/2017,,EM,,2
WCH,2,2,Jean-Jacques,ET,3.197893,12.821682,2017-02-03T07:03:47Z,WCH58,27,350,,850,CCW,,h,Entrance,Overcast,,2/3/2017,,EM,,2
MM,3,3,Jean-Jacques,ET,3.198183,12.821498,2017-02-03T07:06:29Z,MM59,5,250,,960,CCW,,s,Entrance,Overcast,,2/3/2017,,MM,,2
MM,4,4,Jean-Jacques,ET,3.200863,12.820432,2017-02-03T07:22:20Z,MM60,5,290,,1130,CCW,,s,Entrance,Overcast,,2/3/2017,,MM,,2
WTH,2,2,Jean-Jacques,ET,3.201828,12.821482,2017-02-03T07:28:33Z,WTH61,45,300,,1480,CCW,,h,Entrance,Overcast,,2/3/2017,,MM,,2
BWC,2,2,Jean-Jacques,ET,3.201888,12.821614,2017-02-03T07:34:39Z,BWC62,50,300,,1540,CCW,,h,Entrance,Overcast,,2/3/2017,,MM,,2
APH,2,2,Jean-Jacques,ET,3.202417,12.82228,2017-02-03T07:39:27Z,APH63,2,270,,1650,CCW,,s,Entrance,Overcast,,2/3/2017,,MM,,2
BCH,1,1,Jean-Jacques,ET,3.2031,12.823491,2017-02-03T07:45:21Z,BCH64,2,160,,1760,CCW,,h,Entrance,Overcast,,2/3/2017,,MM,,2
APH,1,1,Jean-Jacques,ET,3.2031,12.823491,2017-02-03T07:45:21Z,BCH64,1,200,,1760,CCW,,s,Entrance,Overcast,,2/3/2017,,MM,,2
WTH,1,1,Jean-Jacques,ET,3.203136,12.823609,2017-02-03T07:50:57Z,WTH65,7,210,,1760,CCW,,s,Entrance,Overcast,,2/3/2017,,MM,,2
PPH,2,2,Jean-Jacques,ET,3.203136,12.823609,2017-02-03T07:50:57Z,WTH65,2,340,,1760,CCW,,h,Entrance,Overcast,,2/3/2017,,MM,,2
PPH,2,2,Jean-Jacques,ET,3.204124,12.824449,2017-02-03T07:59:00Z,PPH66,50,345,,1950,CCW,,h,Entrance,Overcast,,2/3/2017,,MM,,2
WNG,2,2,Jean-Jacques,ET,3.206839,12.824328,2017-02-03T08:07:43Z,WNG67,59,40,,2270,CCW,,h,Entrance,Overcast,,2/3/2017,,MM,,2
WTH,2,2,Jean-Jacques,ET,3.207453,12.824207,2017-02-03T08:10:39Z,WTH68,33,330,,2350,CCW,,h,Entrance,Overcast,,2/3/2017,,MM,,2
APH,1,1,Jean-Jacques,ET,3.207453,12.824207,2017-02-03T08:10:39Z,WTH68,0,0,,2350,CCW,,s,Entrance,Overcast,,2/3/2017,,MM,,2
WNG,6,6,Jean-Jacques,ET,3.209415,12.824055,2017-02-03T08:21:27Z,WNG69,3,200,,2570,CCW,,s,Entrance,Overcast,,2/3/2017,,MM,,2
WTH,2,2,Jean-Jacques,ET,3.209415,12.824055,2017-02-03T08:21:27Z,WNG69,2,45,,2570,CCW,,s,Entrance,Overcast,,2/3/2017,,MM,,2
BCH,2,2,Jean-Jacques,ET,3.209922,12.823986,2017-02-03T08:25:20Z,BCH70,50,240,,2610,CCW,,h,Entrance,Overcast,,2/3/2017,,MM,,2
BCH,1,1,Jean-Jacques,ET,3.210576,12.822954,2017-02-03T08:32:01Z,BCH71,10,200,,2760,CCW,,h,Entrance,Overcast,End Temp: 21.0,2/3/2017,9:34,MM,,2
BCH,2,2,Jean-Jacques,ET,3.211291,12.82136,2017-02-03T08:55:15Z,BCH72,25,40,,560,CCW,,h,Blowdown,Partly Sunny,Start Temp: 21,2/3/2017,9:47,MM,,2
GBT,2,2,Jean-Jacques,ET,3.211291,12.82136,2017-02-03T08:55:15Z,BCH72,45,340,,560,CCW,,h,Blowdown,Partly Sunny,,2/3/2017,,MM,,2
BCH,1,1,Jean-Jacques,ET,3.211099,12.820864,2017-02-03T08:59:30Z,BCH73,20,20,,600,CCW,,h,Blowdown,Partly Sunny,,2/3/2017,,MM,,2
APH,2,2,Jean-Jacques,ET,3.210971,12.820233,2017-02-03T09:02:23Z,APH74,28,15,,700,CCW,,h,Blowdown,Partly Sunny,,2/3/2017,,LM,,2
BCH,1,1,Jean-Jacques,ET,3.210838,12.820022,2017-02-03T09:04:02Z,BCH75,0,0,,700,CCW,,s,Blowdown,Partly Sunny,,2/3/2017,,LM,,2
CHIMP,1,1,Jean-Jacques,ET,3.209846,12.818741,2017-02-03T09:13:59Z,CHIMP76,0,350,,860,CCW,,s,Blowdown,Partly Sunny,,2/3/2017,,LM,,2
BCH,1,1,Jean-Jacques,ET,3.209295,12.816857,2017-02-03T09:23:39Z,BCH77,20,300,,980,CCW,,h,Blowdown,Partly Sunny,,2/3/2017,,LM,,2
WNG,2,2,Jean-Jacques,ET,3.209136,12.816024,2017-02-03T09:27:21Z,WNG78,50,35,,1160,CCW,,h,Blowdown,Partly Sunny,,2/3/2017,,LM,,2
MM,4,4,Jean-Jacques,ET,3.209482,12.813405,2017-02-03T09:42:34Z,MM79,10,60,,1560,CCW,,s,Blowdown,Partly Sunny,,2/3/2017,,LM,,2
BCH,1,1,Jean-Jacques,ET,3.209482,12.813405,2017-02-03T09:42:34Z,MM79,50,330,,1560,CCW,,h,Blowdown,Partly Sunny,,2/3/2017,,LM,,2
BCH,2,2,Jean-Jacques,ET,3.209565,12.811719,2017-02-03T09:52:59Z,BCH80,43,0,,1750,CCW,,h,Blowdown,Partly Sunny,End Temp : 22,2/3/2017,10:55,LM,,2
PPH,2,2,Jean-Jacques,ET,3.209563,12.811756,2017-02-03T09:55:01Z,CDC START/B END,10,0,,0,CCW,,h,Elephant ,Sunny,Start Temp: 22,2/3/2017,10:57,LM,This data is under CDC in Emily's Notebook\,2
CHIMP,10,1,Jean-Jacques,ET,3.209283,12.8108,2017-02-03T10:01:46Z,CHIMP81,60,20,,200,CCW,,h,Elephant ,Sunny,,2/3/2017,,LM,,2
BCH,2,2,Jean-Jacques,ET,3.209377,12.810071,2017-02-03T10:07:26Z,BCH82,15,0,,260,CCW,,h,Elephant ,Sunny,,2/3/2017,,LM,,2
BCH,1,1,Jean-Jacques,ET,3.208459,12.80878,2017-02-03T10:15:42Z,BCH83,22,50,,490,CCW,,h,Elephant ,Sunny,,2/3/2017,,LM,,2
WTH,1,1,Jean-Jacques,ET,3.205186,12.802312,2017-02-03T10:41:13Z,WTH84,20,110,,1290,CCW,,s,Elephant ,Sunny,,2/3/2017,,LM,,2
WCH,1,1,Jean-Jacques,ET,3.204574,12.801588,2017-02-03T10:50:22Z,WCH85,22,95,,1300,CCW,,h,Elephant ,Sunny,,2/3/2017,,LM,,2
WNG,7,7,Jean-Jacques,ET,3.204574,12.801588,2017-02-03T10:50:22Z,WCH85,2,0,,1300,CCW,,s,Elephant ,Sunny,,2/3/2017,,LM,,2
GCM,2,2,Jean-Jacques,ET,3.199664,12.801144,2017-02-03T11:13:17Z,GCM86,80,310,,2340,CCW,,h,Elephant ,Sunny,,2/3/2017,,AF,,2
BCH,1,1,Jean-Jacques,ET,3.199664,12.801144,2017-02-03T11:13:17Z,GCM86,50,0,,2340,CCW,,h,Elephant ,Sunny,,2/3/2017,,AF,,2
APH,1,1,Jean-Jacques,ET,3.1978,12.801027,2017-02-03T11:19:37Z,APH87,27,335,,2510,CCW,,h,Elephant ,Sunny,,2/3/2017,,AF,,2
BCH,2,2,Jean-Jacques,ET,3.197467,12.80096,2017-02-03T11:21:04Z,BCH80,5,0,,2620,CCW,,s,Elephant ,Sunny,End Temp: 23.2,2/3/2017,12:25,AF,,2
WNG,3,3,Jean-Jacques,JM,3.189271,12.810049,2017-02-04T05:31:55Z,56,40,10,,72,CCW,,h,Bouamir,Overcast,,2/4/2017,6:28,EM,,2
BCH,2,2,Jean-Jacques,JM,3.189059,12.80939,2017-02-04T05:37:01Z,57,27,10,,237,CCW,,h,Bouamir,Overcast,,2/4/2017,,EM,,2
RBDH,3,3,Jean-Jacques,JM,3.188351,12.806515,2017-02-04T05:45:34Z,58,27,90,,561,CCW,,h,Bouamir,Overcast,,2/4/2017,7:00,EM,,2
WNG,2,2,Jean-Jacques,JM,3.173274,12.809174,2017-02-04T07:53:14Z,71,50,240,,500,CCW,,h,Jello,Overcast,,2/4/2017,8:43,MM,,2
WNG,2,2,Jean-Jacques,JM,3.17306,12.809672,2017-02-04T07:56:32Z,72,40,100,,580,CCW,,h,Jello,Overcast,,2/4/2017,,MM,,2
BCH,1,0,Jean-Jacques,JM,3.172886,12.810239,2017-02-04T08:01:14Z,73,50,90,,616,CCW,,s,Jello,Overcast,,2/4/2017,,MM,,2
AGP,5,5,Jean-Jacques,JM,3.171979,12.812565,2017-02-04T08:15:20Z,74,50,45,,990,CCW,,s,Jello,Overcast,,2/4/2017,,MM,,2
APH,1,1,Jean-Jacques,JM,3.171979,12.812565,2017-02-04T08:15:20Z,74,20,90,,996,CCW,,s,Jello,Overcast,,2/4/2017,,MM,,2
MM,15,15,Jean-Jacques,JM,3.172182,12.81443,2017-02-04T08:27:24Z,75,40,0,,1260,CCW,,s,Jello,Overcast,,2/4/2017,,MM,,2
WNG,10,10,Jean-Jacques,JM,3.172182,12.81443,2017-02-04T08:27:24Z,75,50,50,,1200,CCW,,h,Jello,Overcast,,2/4/2017,,MM,,2
RBDH,2,2,Jean-Jacques,JM,3.172429,12.815482,2017-02-04T08:38:36Z,76,40,40,,1314,CCW,,h,Jello,Overcast,,2/4/2017,9:43,MM,,2
CRG,10,1,Luke,ET,3.189885,12.813803,2017-02-04T05:31:05Z,CRG81,50,300,,35,CW,,h,SB SWAMP LOOP,Overcast,,2/4/2017,6:27,EM,,2
BCH,1,1,Luke,ET,3.189885,12.813803,2017-02-04T05:31:05Z,CRG82,10,20,,35,CW,,h,SB SWAMP LOOP,Overcast,,2/4/2017,,EM,,2
BCH,2,2,Luke,ET,3.188865,12.814091,2017-02-04T05:42:56Z,BCH82,20,270,,217,CW,,s,SB SWAMP LOOP,Overcast,,2/4/2017,,EM,,2
BCH,2,2,Luke,ET,3.188859,12.814097,2017-02-04T05:43:19Z,BCH83,20,260,,432,CW,,h,SB SWAMP LOOP,Overcast,,2/4/2017,,EM,,2
GBT,2,2,Luke,ET,3.18583,12.816419,2017-02-04T06:09:38Z,GBT84,30,300,,702,CW,,h,SB SWAMP LOOP,Overcast,,2/4/2017,7:31,EM,,2
GBT,2,2,Luke,ET,3.176209,12.816637,2017-02-04T07:19:19Z,STARTBASAKO,0,90,,0,CW,,h,Mbassako,Overcast,,2/4/2017,8:20,MM,,2
MM,1,1,Luke,ET,3.179264,12.815833,2017-02-04T07:35:40Z,MM85,30,60,,370,CW,,s,Mbassako,Overcast,,2/4/2017,,MM,,2
AGP,1,1,Luke,ET,3.18083,12.814556,2017-02-04T07:47:25Z,AGP86,200,300,,623,CW,,h,Mbassako,Overcast,,2/4/2017,,MM,,2
CRG,20,1,Luke,ET,3.18083,12.814556,2017-02-04T07:47:25Z,AGP86,100,300,,623,CW,,h,Mbassako,Overcast,,2/4/2017,,MM,,2
MM,10,1,Luke,ET,3.18083,12.814556,2017-02-04T07:47:25Z,AGP86,100,300,,623,CW,,h,Mbassako,Overcast,,2/4/2017,,MM,,2
BCH,4,4,Luke,ET,3.18083,12.814556,2017-02-04T07:47:25Z,AGP86,50,300,,623,CW,,s,Mbassako,Overcast,,2/4/2017,,MM,feeding,2
WNG,12,1,Luke,ET,3.18083,12.814556,2017-02-04T07:47:25Z,AGP86,120,300,,623,CW,,h,Mbassako,Overcast,,2/4/2017,,MM,,2
APH,4,4,Luke,ET,3.181379,12.814315,2017-02-04T08:07:53Z,APH87,0,0,,627,CW,,h,Mbassako,Overcast,,2/4/2017,,MM,,2
GT,2,2,Luke,ET,3.181379,12.814315,2017-02-04T08:07:53Z,APH87,20,200,,627,CW,,s,Mbassako,Overcast,,2/4/2017,,MM,,2
BCH,1,1,Luke,ET,3.184519,12.812748,2017-02-04T08:30:14Z,BCH88,20,60,,1210,CW,,h,Mbassako,Overcast,,2/4/2017,,MM,,2
WTH,2,2,Luke,ET,3.184977,12.812606,2017-02-04T08:33:29Z,WTH89,20,80,,1340,CW,,h,Mbassako,Overcast,,2/4/2017,,MM,,2
MM,5,5,Luke,ET,3.184977,12.812606,2017-02-04T08:33:29Z,WTH89,0,0,,1340,CW,,s,Mbassako,Overcast,,2/4/2017,,MM,,2
APH,2,2,Luke,ET,3.184977,12.812606,2017-02-04T08:33:29Z,WTH89,10,0,,1340,CW,,h,Mbassako,Overcast,,2/4/2017,,MM,,2
WNG,1,1,Luke,ET,3.184977,12.812606,2017-02-04T08:33:29Z,WTH89,200,20,,1340,CW,,h,Mbassako,Overcast,,2/4/2017,,MM,,2
GFP,1,1,Luke,ET,3.184977,12.812606,2017-02-04T08:33:29Z,WTH89,40,300,,1340,CW,,h,Mbassako,Overcast,,2/4/2017,,MM,,2
BCH,5,5,Luke,ET,3.18552,12.812265,2017-02-04T08:44:55Z,BCH90,25,270,,1440,CW,,s,Mbassako,Overcast,,2/4/2017,,MM,feeding on etengay,2
RBDH,2,2,Luke,ET,3.18552,12.812265,2017-02-04T08:44:55Z,BCH90,10,320,,1440,CW,,h,Mbassako,Overcast,,2/4/2017,,MM,,2
GFP,1,1,Luke,ET,3.186397,12.811772,2017-02-04T08:55:31Z,GFP91,30,100,,1440,CW,,h,Mbassako,Overcast,,2/4/2017,,MM,,2
CRG,30,1,Luke,ET,3.186397,12.811772,2017-02-04T08:55:31Z,GFP91,25,60,,1440,CW,,h,Mbassako,Overcast,,2/4/2017,,MM,,2
CRG,1,1,Luke,ET,3.186836,12.811241,2017-02-04T09:05:30Z,CRG92,40,90,,1440,CW,,s,Mbassako,Overcast,,2/4/2017,10:15,MM,,2
APH,1,1,Jean-Jacques,JM,3.193656,12.815286,2017-02-05T05:32:42Z,81,45,350,,28,CW,,h,CDC,Overcast,,2/5/2017,6:22,EM,,2
CRG,4,4,Jean-Jacques,JM,3.194075,12.8157,2017-02-05T05:37:26Z,82,100,270,,334,CW,,h,CDC,Overcast,,2/5/2017,,EM,,2
GCM,3,3,Jean-Jacques,JM,3.196838,12.815677,2017-02-05T05:50:16Z,84,25,45,,760,CW,,h,CDC,Overcast,,2/5/2017,,EM,,2
BWC,3,3,Jean-Jacques,JM,3.196838,12.815677,2017-02-05T05:50:16Z,84,200,45,,760,CW,,h,CDC,Overcast,,2/5/2017,,EM,,2
WNG,3,3,Jean-Jacques,JM,3.196838,12.815677,2017-02-05T05:50:16Z,84,40,290,,760,CW,,h,CDC,Overcast,,2/5/2017,,EM,,2
RBDH,1,1,Jean-Jacques,JM,3.198873,12.812968,2017-02-05T06:05:46Z,85,20,200,,1170,CW,,h,CDC,Overcast,,2/5/2017,,EM,,2
CRG,5,5,Jean-Jacques,JM,3.19992,12.81144,2017-02-05T06:13:59Z,86,25,270,,1416,CW,,h,CDC,Overcast,,2/5/2017,,EM,,2
APH,2,2,Jean-Jacques,JM,3.20133,12.810779,2017-02-05T06:20:31Z,87,0,0,,1610,CW,,s,CDC,Overcast,,2/5/2017,,EM,,2
APH,2,2,Jean-Jacques,JM,3.201519,12.810782,2017-02-05T06:23:15Z,88,45,340,,1630,CW,,s,CDC,Overcast,,2/5/2017,,EM,,2
WTH,1,1,Jean-Jacques,JM,3.201519,12.810782,2017-02-05T06:23:15Z,88,0,0,,1638,CW,,h,CDC,Overcast,,2/5/2017,,EM,,2
RBDH,2,2,Jean-Jacques,JM,3.202517,12.810931,2017-02-05T06:30:33Z,89,5,10,,1776,CW,,h,CDC,Overcast,,2/5/2017,,EM,,2
BCH,1,1,Jean-Jacques,JM,3.202517,12.810931,2017-02-05T06:30:33Z,89,0,0,,1776,CW,,s,CDC,Overcast,,2/5/2017,,EM,,2
WCH,1,1,Jean-Jacques,JM,3.203773,12.81151,2017-02-05T06:37:42Z,90,10,30,,1970,CW,,h,CDC,Overcast,,2/5/2017,,EM,,2
MM,5,5,Jean-Jacques,JM,3.204057,12.811706,2017-02-05T06:41:55Z,91,30,340,,2020,CW,,s,CDC,Overcast,,2/5/2017,,EM,,2
BCH,3,3,Jean-Jacques,JM,3.204248,12.812051,2017-02-05T06:44:31Z,92,70,280,,2080,CW,,h,CDC,Overcast,,2/5/2017,,EM,,2
CRG,1,1,Jean-Jacques,JM,3.204656,12.812473,2017-02-05T06:48:24Z,93,40,30,,2160,CW,,h,CDC,Overcast,,2/5/2017,,EM,,2
BCH,5,5,Jean-Jacques,JM,3.205611,12.812962,2017-02-05T06:54:21Z,94,25,300,,2300,CW,,s,CDC,Overcast,,2/5/2017,,EM,,2
RBDH,1,1,Jean-Jacques,JM,3.207074,12.812175,2017-02-05T07:01:56Z,95,100,20,,2520,CW,,h,CDC,Overcast,,2/5/2017,,EM,,2
BCH,1,1,Jean-Jacques,JM,3.207631,12.811862,2017-02-05T07:04:58Z,96,100,80,,2600,CW,,h,CDC,Overcast,,2/5/2017,8:13,MM,,2
BCH,1,1,Jean-Jacques,JM,3.209561,12.811616,2017-02-05T07:54:22Z,98,100,340,,169,CW,,h,Blowdown,Overcast,,2/5/2017,8:49,MM,,3
WNG,2,2,Jean-Jacques,JM,3.209869,12.813314,2017-02-05T08:02:46Z,99,40,90,,389,CW,,h,Blowdown,Overcast,,2/5/2017,,MM,,3
WCH,2,2,Jean-Jacques,JM,3.209869,12.813314,2017-02-05T08:02:46Z,99,0,0,,389,CW,,s,Blowdown,Overcast,,2/5/2017,,MM,,3
RBDH,3,3,Jean-Jacques,JM,3.209277,12.813574,2017-02-05T08:08:13Z,100,0,0,,475,CW,,s,Blowdown,Overcast,,2/5/2017,,MM,,3
WTH,2,2,Jean-Jacques,JM,3.209277,12.813574,2017-02-05T08:08:13Z,100,25,340,,475,CW,,h,Blowdown,Overcast,,2/5/2017,,MM,,3
CHIMP,3,3,Jean-Jacques,JM,3.209277,12.813574,2017-02-05T08:08:13Z,100,300,90,,475,CW,,h,Blowdown,Overcast,,2/5/2017,,MM,,3
WTH,1,1,Jean-Jacques,JM,3.208782,12.814357,2017-02-05T08:16:07Z,101,50,90,,690,CW,,s,Blowdown,Overcast,,2/5/2017,,MM,,3
GBT,4,4,Jean-Jacques,JM,3.209068,12.814505,2017-02-05T08:19:18Z,102,20,340,,666,CW,,s,Blowdown,Overcast,,2/5/2017,,MM,,3
AGP,1,1,Jean-Jacques,JM,3.209068,12.814505,2017-02-05T08:19:18Z,102,0,0,,666,CW,,h,Blowdown,Overcast,,2/5/2017,,MM,,3
WNG,3,3,Jean-Jacques,JM,3.209068,12.814505,2017-02-05T08:19:18Z,102,100,90,,666,CW,,h,Blowdown,Overcast,,2/5/2017,,MM,,3
BCH,3,3,Jean-Jacques,JM,3.208864,12.814882,2017-02-05T08:23:03Z,103,40,90,,727,CW,,h,Blowdown,Overcast,,2/5/2017,,MM,,3
WTH,2,2,Jean-Jacques,JM,3.208899,12.815283,2017-02-05T08:26:20Z,104,0,0,,771,CW,,s,Blowdown,Overcast,,2/5/2017,,MM,,3
BCH,1,1,Jean-Jacques,JM,3.208955,12.815675,2017-02-05T08:31:03Z,114,0,0,,822,CW,,s,Blowdown,Overcast,,2/5/2017,,MM,,3
APH,1,1,Jean-Jacques,JM,3.211053,12.820608,2017-02-05T08:54:57Z,115,20,0,,1490,CW,,h,Blowdown,Overcast,,2/5/2017,,MM,,3
AGP,2,2,Jean-Jacques,JM,3.211053,12.820608,2017-02-05T08:54:57Z,115,30,120,,1490,CW,,s,Blowdown,Overcast,,2/5/2017,,MM,,3
BCH,1,1,Jean-Jacques,JM,3.211053,12.820608,2017-02-05T08:54:57Z,115,30,270,,1490,CW,,h,Blowdown,Overcast,,2/5/2017,,MM,,3
BCH,2,2,Jean-Jacques,JM,3.211169,12.821168,2017-02-05T09:04:10Z,116,50,290,,1514,CW,,h,Blowdown,Overcast,,2/5/2017,,MM,,3
APH,2,2,Jean-Jacques,JM,3.21145,12.82185,2017-02-05T09:07:47Z,117,10,340,,1660,CW,,s,Blowdown,Overcast,,2/5/2017,,MM,,3
BCH,6,6,Jean-Jacques,JM,3.21145,12.82185,2017-02-05T09:07:47Z,117,0,0,,1660,CW,,s,Blowdown,Overcast,,2/5/2017,10:12,MM,,3
AGP,4,1,Luke,ET,3.190329,12.802415,2017-02-05T05:43:42Z,AGP91,17,310,,90,CW,,h,Fruitwalk,Partly Cloudy,Start Temp: 20.3,2/5/2017,6:40,EM,,2
RBDH,2,1,Luke,ET,3.191577,12.803036,2017-02-05T05:51:58Z,RBTH92,4,290,,320,CW,,h,Fruitwalk,Partly Cloudy,,2/5/2017,,EM,,2
AGP,3,0,Luke,ET,3.192411,12.801881,2017-02-05T06:00:24Z,AGP93,15,40,,440,CW,,h,Fruitwalk,Partly Cloudy,,2/5/2017,,EM,,2
RBDH,1,0,Luke,ET,3.192626,12.801477,2017-02-05T06:03:26Z,RBTH94,10,310,,440,CW,,h,Fruitwalk,Partly Cloudy,,2/5/2017,,EM,,2
WNG,1,1,Luke,ET,3.192626,12.801477,2017-02-05T06:03:26Z,RBTH94,5,40,,440,CW,,s,Fruitwalk,Partly Cloudy,,2/5/2017,,EM,,2
AGP,4,2,Luke,ET,3.194084,12.800462,2017-02-05T06:20:59Z,AGP95,3,280,,640,CW,,h,Fruitwalk,Partly Cloudy,,2/5/2017,,EM,,2
BCH,2,1,Luke,ET,3.194084,12.800462,2017-02-05T06:20:59Z,AGP95,19,350,,640,CW,,h,Fruitwalk,Partly Cloudy,,2/5/2017,,EM,,2
WNG,10,0,Luke,ET,3.194673,12.80054,2017-02-05T06:26:34Z,WNG96,30,315,,640,CW,,h,Fruitwalk,Partly Cloudy, End Temp: 22,2/5/2017,7:45,EM,,2
RBDH,1,1,Luke,ET,3.194687,12.804177,2017-02-05T07:03:56Z,RBDH97,100,25,,250,CW,,h,Nest,cloudy/windy,Start Temp: 22,2/5/2017,7:45,MM,,2
BCH,2,2,Luke,ET,3.194607,12.804599,2017-02-05T07:08:48Z,CH98,200,45,,300,CW,,h,Nest,cloudy/windy,,2/5/2017,,MM,,2
BCH,3,3,Luke,ET,3.194945,12.805475,2017-02-05T07:18:31Z,BCH99,10,20,,340,CW,,s,Nest,cloudy/windy,,2/5/2017,,MM,,2
CRG,15,0,Luke,ET,3.194945,12.805475,2017-02-05T07:18:31Z,BCH99,15,270,,340,CW,,h,Nest,cloudy/windy,,2/5/2017,,MM,,2
AGP,2,0,Luke,ET,3.194945,12.805475,2017-02-05T07:18:31Z,BCH99,30,270,,340,CW,,h,Nest,cloudy/windy,,2/5/2017,,MM,,2
BCH,3,3,Luke,ET,3.195211,12.80676,2017-02-05T07:32:15Z,CH100,3,0,,430,CW,,s,Nest,cloudy/windy,,2/5/2017,,MM,,2
WTH,2,0,Luke,ET,3.195211,12.80676,2017-02-05T07:32:15Z,CH100,200,60,,430,CW,,h,Nest,cloudy/windy,,2/5/2017,,MM,,2
WNG,20,2,Luke,ET,3.195084,12.807326,2017-02-05T07:37:50Z,WNG101,300,10,,610,CW,,h,Nest,cloudy/windy,,2/5/2017,,MM,,2
BCH,1,1,Luke,ET,3.194044,12.811161,2017-02-05T08:02:23Z,BCH102,15,340,,900,CW,,h,Nest,cloudy/windy,,2/5/2017,,MM,,2
MM,5,1,Luke,ET,3.194044,12.811161,2017-02-05T08:02:23Z,BCH102,4,90,,900,CW,,s,Nest,cloudy/windy,,2/5/2017,,MM,,2
WNG,1,1,Luke,ET,3.193634,12.811603,2017-02-05T08:10:43Z,WNG103,10,280,,1000,CW,,s,Nest,cloudy/windy,,2/5/2017,,MM,,2
MM,1,1,Luke,ET,3.191557,12.811578,2017-02-05T08:23:52Z,MM104,3,300,,1130,CW,,s,Nest,cloudy/windy,,2/5/2017,,MM,,2
BCH,2,1,Luke,ET,3.191557,12.811578,2017-02-05T08:23:52Z,MM104,300,250,,1130,CW,,h,Nest,cloudy/windy,,2/5/2017,9:28,MM,,2
BCH,1,1,Luke,ET,3.193107,12.81858,2017-02-05T10:06:23Z,28,300,250,,460,CW,,s,RDA,cloudy/windy,End Temp: 25.5,2/5/2017,10:47-11:11,LM,,1
CRG,5,5,Jean-Jacques,ET,3.186664,12.811307,2017-02-06T05:51:27Z,CRG106,27,270,,234,CW,,h,Mbassako,Overcast/thin clouds,Start Temp: 22.6,2/6/2017,6:42,EM,,3
BCH,1,1,Jean-Jacques,ET,3.185021,12.812576,2017-02-06T06:00:20Z,BCH107,50,15,,500,CW,,h,Mbassako,Overcast/thin clouds,,2/6/2017,,EM,,3
RBDH,3,3,Jean-Jacques,ET,3.185021,12.812576,2017-02-06T06:00:20Z,BCH107,40,85,,500,CW,,h,Mbassako,Overcast/thin clouds,,2/6/2017,,EM,,3
BCH,1,1,Jean-Jacques,ET,3.184137,12.813249,2017-02-06T06:06:37Z,BCH108,37,45,,705,CW,,h,Mbassako,Overcast/thin clouds,,2/6/2017,,EM,,3
BCH,2,2,Jean-Jacques,ET,3.182949,12.813624,2017-02-06T06:12:00Z,BCH109,50,60,,726,CW,,h,Mbassako,Overcast/thin clouds,,2/6/2017,,EM,,3
BCH,2,2,Jean-Jacques,ET,3.181875,12.813852,2017-02-06T06:17:06Z,BCH110,45,75,,934,CW,,h,Mbassako,Overcast/thin clouds,,2/6/2017,,EM,,3
BCH,2,2,Jean-Jacques,ET,3.180141,12.815454,2017-02-06T06:26:34Z,BCH111,38,70,,1250,CW,,h,Mbassako,Overcast/thin clouds,End Temp: 22.9,2/6/2017,7:45,EM,,3
AGP,2,2,Jean-Jacques,ET,3.174321,12.816006,2017-02-06T07:11:48Z,AGP112,30,90,,20,CW,,s,Jello,Partly Cloudy,,2/6/2017,8:06,MM,,3
BCH,2,2,Jean-Jacques,ET,3.173649,12.815319,2017-02-06T07:16:48Z,PETITEROCHER,100,290,,240,CW,,h,Jello,Partly Cloudy,Start Temp: 23,2/6/2017,,MM,,3
GCM,4,4,Jean-Jacques,ET,3.173649,12.815319,2017-02-06T07:16:48Z,PETITEROCHER,80,40,,240,CW,,h,Jello,Partly Cloudy,,2/6/2017,,MM,,3
BCH,2,2,Jean-Jacques,ET,3.172432,12.815563,2017-02-06T07:31:18Z,BCH113,100,0,,470,CW,,h,Jello,Partly Cloudy,,2/6/2017,,MM,,3
BCH,2,2,Jean-Jacques,ET,3.17223,12.815077,2017-02-06T07:34:30Z,BCH114,50,345,,520,CW,,s,Jello,Partly Cloudy,,2/6/2017,,MM,,3
BCH,2,2,Jean-Jacques,ET,3.171998,12.812705,2017-02-06T07:49:15Z,BCH115,50,250,,830,CW,,s,Jello,Partly Cloudy,,2/6/2017,,MM,,3
BCH,1,1,Jean-Jacques,ET,3.173316,12.809051,2017-02-06T08:20:32Z,BCH116,40,10,,1240,CW,,h,Jello,Partly Cloudy,,2/6/2017,,MM,,3
BWC,8,5,Jean-Jacques,ET,3.174861,12.808337,2017-02-06T08:35:27Z,BWC117,0,0,,1380,CW,,s,Jello,Partly Cloudy,,2/6/2017,,MM,,3
BCH,1,1,Jean-Jacques,ET,3.174907,12.808487,2017-02-06T08:43:23Z,BCH118,0,0,,1490,CW,,h,Jello,Partly Cloudy,,2/6/2017,,MM,,3
BCH,2,2,Jean-Jacques,ET,3.177684,12.804199,2017-02-06T09:19:07Z,BCH119,25,60,,2130,CW,,s,Jello,Partly Cloudy,End Temp:24,2/6/2017,9:55,MM,,3
BCH,1,1,Luke,JM,3.193341,12.811681,2017-02-06T05:56:06Z,120,200,110,,250,CCW,,h,Nest,Overcast,Start Temp: 22.7,2/6/2017,6:45,EM,,3
BCH,2,2,Luke,JM,3.194118,12.811289,2017-02-06T06:04:19Z,121,30,20,,377,CCW,,h,Nest,Overcast,,2/6/2017,,EM,,3
RBDH,2,2,Luke,JM,3.194439,12.809941,2017-02-06T06:13:20Z,122,40,340,,555,CCW,,h,Nest,Overcast,,2/6/2017,,EM,,3
BCH,4,4,Luke,JM,3.194387,12.809797,2017-02-06T06:15:32Z,123,30,20,,579,CCW,,h,Nest,Overcast,,2/6/2017,,EM,,3
BCH,2,2,Luke,JM,3.194258,12.808868,2017-02-06T06:21:42Z,124,30,340,,654,CCW,,h,Nest,Overcast,,2/6/2017,,EM,,3
BCH,2,2,Luke,JM,3.195034,12.807323,2017-02-06T06:35:33Z,125,30,20,,935,CCW,,h,Nest,Overcast,,2/6/2017,,EM,,3
CRG,15,15,Luke,JM,3.195208,12.806285,2017-02-06T06:42:32Z,126,100,340,,1080,CCW,,h,Nest,Overcast,,2/6/2017,,EM,,3
BCH,3,3,Luke,JM,3.195208,12.806285,2017-02-06T06:42:32Z,126,0,0,,1080,CCW,,h,Nest,Overcast,,2/6/2017,,EM,,3
WNG,5,5,Luke,JM,3.195001,12.805876,2017-02-06T06:46:58Z,127,20,35,,1140,CCW,,s,Nest,Overcast,,2/6/2017,,EM,,3
RBDH,1,1,Luke,JM,3.19493,12.805741,2017-02-06T06:51:49Z,128,30,90,,1160,CCW,,h,Nest,Overcast,,2/6/2017,,EM,,3
RBDH,1,1,Luke,JM,3.194668,12.805329,2017-02-06T06:54:29Z,129,10,270,,1220,CCW,,h,Nest,Overcast,,2/6/2017,,EM,,3
APH,1,1,Luke,JM,3.194668,12.805329,2017-02-06T06:54:29Z,129,10,150,,1220,CCW,,h,Nest,Overcast,,2/6/2017,,EM,,3
CRG,1,1,Luke,JM,3.194668,12.805329,2017-02-06T06:54:29Z,129,30,270,,1220,CCW,,h,Nest,Overcast,,2/6/2017,,EM,,3
WTH,2,2,Luke,JM,3.194623,12.804465,2017-02-06T07:02:30Z,130,0,0,,1340,CCW,,h,Nest,Overcast,,2/6/2017,,MM,,3
AGP,1,1,Luke,JM,3.194765,12.803502,2017-02-06T07:08:28Z,131,10,60,,1460,CCW,,h,Nest,Overcast,,2/6/2017,,MM,,3
APH,1,1,Luke,JM,3.195054,12.803186,2017-02-06T07:11:00Z,132,15,20,,1520,CCW,,h,Nest,Overcast,,2/6/2017,,MM,,3
CRG,20,0,Luke,JM,3.195485,12.802095,2017-02-06T07:19:14Z,133,100,90,,1690,CCW,,h,Nest,Overcast,,2/6/2017,8:26,MM,,3
AGP,3,3,Luke,JM,3.196083,12.801059,2017-02-06T07:25:49Z,134,30,150,,0,CCW,,h,Fruitwalk,Partly Sunny,,2/6/2017,8:46,MM,,3
BCH,4,4,Luke,JM,3.194992,12.800789,2017-02-06T07:52:30Z,135,30,290,,400,CCW,,h,Fruitwalk,Partly Sunny,,2/6/2017,,MM,,3
WNG,1,1,Luke,JM,3.194405,12.800488,2017-02-06T07:57:27Z,136,40,270,,487,CCW,,h,Fruitwalk,Partly Sunny,,2/6/2017,,MM,,3
BCH,1,1,Luke,JM,3.193352,12.800833,2017-02-06T08:07:35Z,137,200,10,,690,CCW,,h,Fruitwalk,Partly Sunny,,2/6/2017,,MM,,3
BCH,2,2,Luke,JM,3.192582,12.801411,2017-02-06T08:13:36Z,138,50,20,,734,CCW,,h,Fruitwalk,Partly Sunny,,2/6/2017,,MM,,3
APH,2,2,Luke,JM,3.191378,12.802203,2017-02-06T08:20:38Z,139,30,340,,950,CCW,,h,Fruitwalk,Partly Sunny,,2/6/2017,,MM,,3
BCH,2,2,Luke,JM,3.191378,12.802203,2017-02-06T08:20:38Z,139,30,340,,950,CCW,,h,Fruitwalk,Partly Sunny,,2/6/2017,,MM,,3
BCH,1,1,Luke,JM,3.190536,12.802656,2017-02-06T08:32:55Z,140,0,0,,1080,CCW,,h,Fruitwalk,Partly Sunny,,2/6/2017,,MM,,3
MM,4,4,Luke,JM,3.190536,12.802656,2017-02-06T08:32:55Z,140,30,5,,1080,CCW,,h,Fruitwalk,Partly Sunny,,2/6/2017,9:41,MM,,3
BCH,1,1,Luke,JM,3.188898,12.80237,2017-02-06T08:48:34Z,143,40,10,,60,CCW,,h,Bouamir,Partly Sunny,,2/6/2017,9:46,MM,,3
WNG,2,2,Luke,JM,3.188898,12.80237,2017-02-06T08:48:34Z,144,40,45,,832,CCW,,h,Bouamir,Partly Sunny,,2/6/2017,,LM,,3
WCH,1,0,Luke,JM,3.188898,12.80237,2017-02-06T08:48:34Z,144,40,45,,832,CCW,,h,Bouamir,Partly Sunny,End Temp : 25,2/6/2017,10:21,LM,,3
BCH,1,1,Luke,JM,3.192824,12.818703,2017-02-07T06:10:47Z,147,30,20,,106,CCW,,h,RDA,Overcast,,2/7/2017,7:07,EM,,3
BCH,2,2,Luke,JM,3.192416,12.818902,2017-02-07T06:13:18Z,148,40,340,,165,CCW,,s,RDA,Overcast,,2/7/2017,,EM,,3
WNG,3,3,Luke,JM,3.192261,12.819105,2017-02-07T06:14:32Z,149,50,330,,199,CCW,,h,RDA,Overcast,,2/7/2017,,EM,,3
BCH,4,4,Luke,JM,3.191647,12.820178,2017-02-07T06:20:03Z,150,0,0,,354,CCW,,h,RDA,Overcast,,2/7/2017,,EM,,3
RBDH,1,1,Luke,JM,3.190859,12.821027,2017-02-07T06:25:56Z,151,20,340,,580,CCW,,h,RDA,Overcast,,2/7/2017,7:22,EM,,3
APH,3,3,Luke,JM,3.211495,12.822795,2017-02-07T08:21:10Z,153,0,0,,0,CCW,,s,Entrance,Partly Sunnny,,;,9:21,MM,,3
BCH,2,2,Luke,JM,3.210633,12.822932,2017-02-07T08:26:45Z,154,30,170,,114,CCW,,h,Entrance,Partly Sunnny,,2/7/2017,,MM,,3
BCH,2,2,Luke,JM,3.209633,12.824074,2017-02-07T08:32:13Z,155,100,80,,293,CCW,,h,Entrance,Partly Sunnny,,2/7/2017,,MM,,3
PPH,3,3,Luke,JM,3.198255,12.821471,2017-02-07T09:12:15Z,156,0,0,,2150,CCW,,s,Entrance,Partly Sunnny,,2/7/2017,,LM,,3
BCH,2,2,Luke,JM,3.197705,12.821947,2017-02-07T09:15:12Z,157,50,20,,2250,CCW,,s,Entrance,Partly Sunnny,,2/7/2017,,LM,,3
APH,6,6,Luke,JM,3.193648,12.820823,2017-02-07T09:29:05Z,158,0,0,,2820,CCW,,s,Entrance,Partly Sunnny,,2/7/2017,,LM,,3
APH,1,1,Luke,JM,3.191723,12.814668,2017-02-07T09:46:32Z,159,0,0,,3620,CCW,,h,Entrance,Partly Sunnny,,2/7/2017,10:51,LM,,3
BCH,3,3,Jean-Jacques,ET,3.196128,12.801073,2017-02-07T06:53:16Z,ELE STRT 7TH,50,200,,0,CW,,h,Elephant ,Partly Sunny,,2/7/2017,START: 7:54,MM,Emily's notebook has this data as the 6th on a Tuesday  ,3
BCH,1,1,Jean-Jacques,ET,3.199953,12.801169,2017-02-07T07:13:26Z,BCH 120,20,60,,320,CW,,h,Elephant ,Partly Sunny,,2/7/2017,,MM,,3
WCH,1,1,Jean-Jacques,ET,3.200641,12.800878,2017-02-07T07:17:57Z,WCH121,45,70,,500,CW,,h,Elephant ,Partly Sunny,,2/7/2017,,MM,,3
MM,4,4,Jean-Jacques,ET,3.201342,12.800764,2017-02-07T07:23:11Z,MM122,50,30,,520,CW,,s,Elephant ,Partly Sunny,,2/7/2017,,MM,,3
BCH,1,1,Jean-Jacques,ET,3.201342,12.800764,2017-02-07T07:23:11Z,MM122,100,120,,520,CW,,h,Elephant ,Partly Sunny,,2/7/2017,,MM,,3
BCH,2,2,Jean-Jacques,ET,3.202745,12.801804,2017-02-07T07:33:04Z,BCH123,5,60,,830,CW,,h,Elephant ,Partly Sunny,,2/7/2017,,MM,,3
BCH,1,1,Jean-Jacques,ET,3.204301,12.801764,2017-02-07T07:40:08Z,BCH124,50,300,,910,CW,,h,Elephant ,Partly Sunny,,2/7/2017,,MM,,3
AGP,2,2,Jean-Jacques,ET,3.205537,12.802952,2017-02-07T07:47:50Z,AGP125,25,120,,1210,CW,,h,Elephant ,Partly Sunny,,2/7/2017,,MM,,3
BCH,2,2,Jean-Jacques,ET,3.207142,12.805811,2017-02-07T08:07:07Z,BCH126,40,160,,1600,CW,,h,Elephant ,Partly Sunny,,2/7/2017,,MM,,3
MM,2,2,Jean-Jacques,ET,3.207142,12.805811,2017-02-07T08:07:07Z,BCH126,30,200,,1600,CW,,h,Elephant ,Partly Sunny,,2/7/2017,,MM,only heard tree noises,3
APH,2,2,Jean-Jacques,ET,3.207142,12.805811,2017-02-07T08:07:07Z,BCH126,30,100,,1600,CW,,h,Elephant ,Partly Sunny,,2/7/2017,,MM,,3
BCH,6,6,Jean-Jacques,ET,3.208512,12.809041,2017-02-07T08:25:43Z,BCH127,20,270,,2400,CW,,s,Elephant ,Partly Sunny,,2/7/2017,END: 9:37,MM,,3
BCH,2,2,Jean-Jacques,ET,3.209211,12.810842,2017-02-07T08:38:16Z,JNC ELE CDC BD,20,0,,0,CW,,s,CDC,Sunny,,2/7/2017,START: 9:45,LM,,3
BCH,4,4,Jean-Jacques,ET,3.207895,12.811687,2017-02-07T08:58:44Z,BCH128,25,45,,150,CW,,s,CDC,Sunny,,2/7/2017,,LM,,3
BCH,3,3,Jean-Jacques,ET,3.207597,12.811905,2017-02-07T09:05:44Z,BCH129,0,0,,230,CW,,h,CDC,Sunny,,2/7/2017,,LM,,3
BCH,1,1,Jean-Jacques,ET,3.202208,12.810845,2017-02-07T09:57:37Z,BCH130,100,90,,1280,CW,,h,CDC,Sunny,,2/7/2017,BREAK: 10:15- 10:38,LM,,3
MM,6,6,Jean-Jacques,ET,3.201542,12.810903,2017-02-07T10:00:52Z,MM131,25,30,,1280,CW,,h,CDC,Sunny,,2/7/2017,,LM,only heard tree noises,3
WNG,2,2,Jean-Jacques,ET,3.200552,12.810998,2017-02-07T10:06:34Z,WNG132,45,300,,1500,CW,,s,CDC,Sunny,,2/7/2017,,LM,,3
MM,2,2,Jean-Jacques,ET,3.195729,12.815751,2017-02-07T10:32:11Z,MM133,30,300,,2100,CW,,h,CDC,Sunny,,2/7/2017,,LM,,3
APH,1,1,Jean-Jacques,ET,3.193625,12.815266,2017-02-07T10:39:46Z,APH 134,50,0,,2470,CW,,h,CDC,Sunny,,2/7/2017,END: 11:46,LM,,3
BCH,1,1,Luke,JM,3.190496,12.813777,2017-02-09T05:50:04Z,161,0,0,,0,CCW,,h,SB SWAMP LOOP,Overcast,,2/9/2017,START: 6:51,EM,,3
APH,4,4,Luke,JM,3.190496,12.813777,2017-02-09T05:50:04Z,161,0,0,,0,CCW,,s,SB SWAMP LOOP,Overcast,,2/9/2017,,EM,,3
CRG,25,25,Luke,JM,3.190063,12.813825,2017-02-09T05:56:14Z,162,15,330,,90,CCW,,s,SB SWAMP LOOP,Overcast,,2/9/2017,,EM,,3
WNG,2,2,Luke,JM,3.190063,12.813825,2017-02-09T05:56:14Z,162,15,330,,90,CCW,,s,SB SWAMP LOOP,Overcast,,2/9/2017,,EM,,3
RBDH,1,1,Luke,JM,3.189064,12.814062,2017-02-09T06:06:57Z,163,50,50,,225,CCW,,s,SB SWAMP LOOP,Overcast,,2/9/2017,,EM,,3
BCH,1,1,Luke,JM,3.186809,12.815405,2017-02-09T06:19:38Z,164,50,270,,558,CCW,,h,SB SWAMP LOOP,Overcast,,2/9/2017,,EM,,3
APH,1,1,Luke,JM,3.185412,12.815377,2017-02-09T06:32:21Z,165,30,30,,881,CCW,,h,SB SWAMP LOOP,Overcast,,2/9/2017,END: 7:45,EM,,3
RBDH,3,3,Luke,JM,3.176382,12.816622,2017-02-09T07:41:48Z,167,20,10,,0,CCW,,h,Mbassako,Overcast,,2/9/2017,START: 8:42,EM,,4
BCH,1,1,Luke,JM,3.179698,12.81546,2017-02-09T07:56:27Z,168,30,340,,444,CCW,,h,Mbassako,Overcast,,2/9/2017,,EM,,4
BCH,1,1,Luke,JM,3.181888,12.813837,2017-02-09T08:08:30Z,169,40,340,,769,CCW,,h,Mbassako,Overcast,,2/9/2017,,LM,,4
BCH,1,1,Luke,JM,3.182415,12.813454,2017-02-09T08:11:15Z,170,10,330,,871,CCW,,h,Mbassako,Overcast,,2/9/2017,,LM,,4
BCH,1,1,Luke,JM,3.184265,12.813097,2017-02-09T08:17:08Z,171,40,190,,1110,CCW,,h,Mbassako,Overcast,,2/9/2017,,LM,,4
WNG,1,1,Luke,JM,3.184265,12.813097,2017-02-09T08:17:08Z,171,30,350,,1110,CCW,,h,Mbassako,Overcast,,2/9/2017,,LM,,4
BCH,1,1,Luke,JM,3.184876,12.812758,2017-02-09T08:22:27Z,172,30,30,,1210,CCW,,h,Mbassako,Overcast,,2/9/2017,,LM,,4
APH,1,1,Luke,JM,3.187006,12.811225,2017-02-09T08:34:29Z,173,40,45,,1320,CCW,,h,Mbassako,Overcast,,2/9/2017,,LM,,4
BCH,1,1,Luke,JM,3.187126,12.811099,2017-02-09T08:36:03Z,174,30,340,,1330,CCW,,h,Mbassako,Overcast,,2/9/2017,END: 9:40,LM,,4
BCH,2,2,Jean-Jacques,ET,3.194025,12.8113,2017-02-09T05:56:02Z,STRTNEST9,100,100,,0,CCW,,h,Nest,Overcast,,2/9/2017,START: 6:55,EM,,4
BCH,1,1,Jean-Jacques,ET,3.194338,12.810653,2017-02-09T05:59:48Z,BCH135,50,180,,70,CCW,,h,Nest,Overcast,,2/9/2017,,EM,,4
RBDH,2,2,Jean-Jacques,ET,3.1944,12.809376,2017-02-09T06:04:38Z,RBDH136,100,325,,199,CCW,,h,Nest,Overcast,,2/9/2017,,EM,,4
WNG,2,2,Jean-Jacques,ET,3.194302,12.80855,2017-02-09T06:10:33Z,WNG137,50,270,,283,CCW,,h,Nest,Overcast,,2/9/2017,,EM,,4
CRG,6,6,Jean-Jacques,ET,3.195055,12.807307,2017-02-09T06:16:49Z,CRG138,25,30,,442,CCW,,h,Nest,Overcast,,2/9/2017,,EM,,4
BCH,1,1,Jean-Jacques,ET,3.195055,12.807307,2017-02-09T06:16:49Z,CRG138,46,90,,442,CCW,,h,Nest,Overcast,,2/9/2017,,EM,,4
BCH,3,3,Jean-Jacques,ET,3.195261,12.806401,2017-02-09T06:22:11Z,BCH139,20,90,,537,CCW,,s,Nest,Overcast,,2/9/2017,,EM,m&f not feeding,4
AGP,2,2,Jean-Jacques,ET,3.195261,12.806401,2017-02-09T06:22:11Z,BCH139,25,290,,537,CCW,,h,Nest,Overcast,,2/9/2017,,EM,,4
GBT,1,1,Jean-Jacques,ET,3.195261,12.806401,2017-02-09T06:22:11Z,BCH139,30,220,,537,CCW,,h,Nest,Overcast,,2/9/2017,,EM,,4
RBDH,2,2,Jean-Jacques,ET,3.195036,12.805856,2017-02-09T06:26:37Z,RBDH140,45,245,,537,CCW,,h,Nest,Overcast,,2/9/2017,,EM,,4
WTH,2,2,Jean-Jacques,ET,3.194596,12.805271,2017-02-09T06:31:07Z,WTH141,47,70,,710,CCW,,h,Nest,Overcast,,2/9/2017,,EM,,4
RBDH,1,1,Jean-Jacques,ET,3.195247,12.802715,2017-02-09T06:43:06Z,RBDH142,50,280,,1030,CCW,,h,Nest,Overcast,,2/9/2017,,EM,,4
WNG,1,1,Jean-Jacques,ET,3.195484,12.802105,2017-02-09T06:46:33Z,WNG143,50,255,,1030,CCW,,h,Nest,Overcast,,2/9/2017,END: 7:57,EM,,4
BCH,2,2,Jean-Jacques,ET,3.193785,12.800811,2017-02-09T07:16:55Z,BCH144,50,110,,280,CCW,,h,Fruitwalk,Partly Sunny,,2/9/2017,START: 8:06,MM,,4
WNG,3,3,Jean-Jacques,ET,3.192291,12.80139,2017-02-09T07:25:56Z,WNG145,100,360,,500,CCW,,h,Fruitwalk,Partly Sunny,,2/9/2017,,MM,,4
BCH,1,1,Jean-Jacques,ET,3.191017,12.802892,2017-02-09T07:35:13Z,BCH146,25,0,,730,CCW,,h,Fruitwalk,Partly Sunny,,2/9/2017,,MM,,4
BCH,2,2,Jean-Jacques,ET,3.190406,12.802573,2017-02-09T07:38:35Z,BCH147,200,35,,790,CCW,,h,Fruitwalk,Partly Sunny,,2/9/2017,,MM,,4
APH,4,4,Jean-Jacques,ET,3.189606,12.801938,2017-02-09T07:42:47Z,APH148,0,0,,960,CCW,,s,Fruitwalk,Partly Sunny,,2/9/2017,END: 8:49,MM,,4
BCH,1,1,Luke,JM,3.188932,12.808984,2017-02-10T05:48:57Z,177,30,20,,216,CCW,,h,Bouamir,Overcast,,2/10/2017,START: 6:42,EM,,4
RBDH,2,2,Luke,JM,3.188633,12.808371,2017-02-10T05:51:39Z,178,60,90,,358,CCW,,h,Bouamir,Overcast,,2/10/2017,,EM,,4
BCH,3,3,Luke,JM,3.188436,12.80775,2017-02-10T05:54:20Z,179,0,0,,447,CCW,,s,Bouamir,Overcast,,2/10/2017,,EM,,4
BCH,1,1,Luke,JM,3.188311,12.805048,2017-02-10T06:02:21Z,180,30,270,,786,CCW,,h,Bouamir,Overcast,,2/10/2017,,EM,,4
WTH,1,1,Luke,JM,3.188483,12.802847,2017-02-10T06:09:33Z,181,15,30,,1080,CCW,,h,Bouamir,Overcast,,2/10/2017,,EM,,4
WCH,1,1,Luke,JM,3.188483,12.802847,2017-02-10T06:09:33Z,181,30,150,,1080,CCW,,h,Bouamir,Overcast,,2/10/2017,END: 7:10,EM,,4
BCH,2,2,Luke,JM,3.175227,12.807327,2017-02-10T07:42:49Z,188,0,0,,0,CCW,,s,Jello,Overcast,,2/10/2017,START: 8:43,EM,,4
BCH,2,2,Luke,JM,3.174414,12.80824,2017-02-10T07:48:07Z,189,30,30,,162,CCW,,h,Jello,Overcast,,2/10/2017,,EM,,4
BCH,2,2,Luke,JM,3.173555,12.808768,2017-02-10T07:52:24Z,190,0,0,,288,CCW,,h,Jello,Overcast,,2/10/2017,,EM,,4
WCH,1,1,Luke,JM,3.172974,12.810047,2017-02-10T07:58:02Z,191,40,40,,464,CCW,,h,Jello,Overcast,,2/10/2017,,EM,,4
WNG,1,1,Luke,JM,3.172008,12.811649,2017-02-10T08:08:45Z,192,30,30,,731,CCW,,h,Jello,Overcast,,2/10/2017,,MM,,4
BCH,5,5,Luke,JM,3.171975,12.812626,2017-02-10T08:15:33Z,193,20,20,,862,CCW,,s,Jello,Overcast,,2/10/2017,,MM,,4
BCH,3,3,Luke,JM,3.172159,12.813491,2017-02-10T08:21:43Z,194,5,5,,915,CCW,,h,Jello,Overcast,,2/10/2017,,MM,,4
APH,1,1,Luke,JM,3.172313,12.815394,2017-02-10T08:29:19Z,195,50,50,,1200,CCW,,h,Jello,Overcast,,2/10/2017,END: 9:33,MM,,4
PPH,5,5,Jean-Jacques,ET,3.189233,12.822994,2017-02-10T06:53:11Z,RDA START,30,170,,0,,,s,RDA,Overcast,,2/10/2017,START: 7:57,,,4
APH,1,1,Jean-Jacques,ET,3.191522,12.820311,2017-02-10T07:03:02Z,APH 149,25,270,,440,,,h,RDA,Overcast,,2/10/2017,END: 8:12,,,4
BCH,2,2,Jean-Jacques,ET,3.211183,12.822813,2017-02-10T08:55:09Z,BCH 150,100,60,,30,,,h,Entrance,Overcast,,2/10/2017,START: 9:53,,Not labeled in Emily's notebook. Assumed this is enterence start,4
PPH,2,2,Jean-Jacques,ET,3.208789,12.824115,2017-02-10T09:03:37Z,PPH 151,45,190,,400,,,h,Entrance,Overcast,,2/10/2017,,,,4
BCH,1,1,Jean-Jacques,ET,3.208789,12.824115,2017-02-10T09:03:37Z,PPH 151,100,270,,400,,,h,Entrance,Overcast,,2/10/2017,,,,4
PPH,2,2,Jean-Jacques,ET,3.208348,12.824132,2017-02-10T09:06:15Z,PPH 152,50,270,,420,,,h,Entrance,Overcast,,2/10/2017,,,,4
CRG,7,7,Jean-Jacques,ET,3.205641,12.824438,2017-02-10T09:13:53Z,CRG 153,48,300,,700,,,h,Entrance,Overcast,,2/10/2017,,,GPS Point mislabeled,4
WNG,2,2,Jean-Jacques,ET,3.205641,12.824438,2017-02-10T09:13:53Z,CRG 153,60,270,,700,,,s,Entrance,Overcast,,2/10/2017,,,GPS Point mislabeled,4
RBDH,2,2,Jean-Jacques,ET,3.201133,12.820642,2017-02-10T09:41:58Z,RBDH 154,50,200,,1430,,,h,Entrance,Overcast,,2/10/2017,,,GPS Point mislabeled,4
BCH,2,2,Jean-Jacques,ET,3.200542,12.819906,2017-02-10T09:47:49Z,BCH 155,40,50,,1480,,,h,Entrance,Overcast,,2/10/2017,,,,4
CRG,1,1,Jean-Jacques,ET,3.193763,12.820551,2017-02-10T10:18:13Z,CRG 156,40,190,,2480,,,h,Entrance,Overcast,,2/10/2017,,,,4
APH,2,2,Jean-Jacques,ET,3.193876,12.820204,2017-02-10T10:19:53Z,APH 157,200,30,,2520,,,h,Entrance,Overcast,,2/10/2017,END: 11:39,,,4
BCH,1,1,Luke,JM,3.20844,12.808794,2017-02-11T08:10:42Z,204,10,90,,269,CCW,,s,Elephant ,Partly Sunny,,2/11/2017,START: 8:55,MM,,4
BCH,1,1,Luke,JM,3.207607,12.807028,2017-02-11T08:22:06Z,205,100,20,,523,CCW,,h,Elephant ,Partly Sunny,,2/11/2017,,MM,,4
BCH,1,1,Luke,JM,3.205947,12.803128,2017-02-11T08:40:35Z,206,100,100,,1020,CCW,,h,Elephant ,Partly Sunny,,2/11/2017,,MM,,4
RBDH,1,1,Luke,JM,3.200844,12.800965,2017-02-11T09:07:03Z,207,100,340,,1054,CCW,,h,Elephant ,Partly Sunny,,2/11/2017,,MM,,4
RBDH,1,1,Luke,JM,3.200844,12.800965,2017-02-11T09:07:03Z,207,20,180,,1089,CCW,,h,Elephant ,Partly Sunny,,2/11/2017,,LM,,4
RBDH,1,1,Luke,JM,3.200844,12.800965,2017-02-11T09:07:03Z,207,30,120,,1860,CCW,,h,Elephant ,Partly Sunny,,2/11/2017,,LM,,4
CRG,15,15,Luke,JM,3.199691,12.801101,2017-02-11T09:15:00Z,208,10,20,,1970,CCW,,s,Elephant ,Partly Sunny,,2/11/2017,,LM,,4
APH,2,2,Luke,JM,3.198565,12.801059,2017-02-11T09:22:20Z,209,10,270,,2120,CCW,,s,Elephant ,Partly Sunny,,2/11/2017,END: 10:32,LM,,4
RBDH,2,2,Jean-Jacques,ET,3.193155,12.815148,2017-02-11T06:06:44Z,RBDH 158,50,300,,79,CW,,h,CDC,Cloudy,,2/11/2017,START: 6:52,EM ,,4
BCH,2,2,Jean-Jacques,ET,3.193155,12.815148,2017-02-11T06:06:44Z,RBDH 158,1,0,,79,CW,,s,CDC,Cloudy,,2/11/2017,,EM ,,4
WTH,4,4,Jean-Jacques,ET,3.193155,12.815148,2017-02-11T06:06:44Z,RBDH 158,1,0,,134,CW,,s,CDC,Cloudy,,2/11/2017,,EM ,,4
CRG,2,2,Jean-Jacques,ET,3.196928,12.815703,2017-02-11T06:27:14Z,CRG 159,2,90,,626,CW,,s,CDC,Cloudy,,2/11/2017,,EM ,,4
BCH,1,1,Jean-Jacques,ET,3.196928,12.815703,2017-02-11T06:27:14Z,CRG 159,100,140,,626,CW,,h,CDC,Cloudy,,2/11/2017,,EM ,,4
APH,1,1,Jean-Jacques,ET,3.196928,12.815703,2017-02-11T06:27:14Z,CRG 159,100,0,,626,CW,,h,CDC,Cloudy,,2/11/2017,,EM ,,4
WNG,1,1,Jean-Jacques,ET,3.197781,12.814603,2017-02-11T06:39:23Z,WNG 160,3,0,,774,CW,,s,CDC,Cloudy,,2/11/2017,,EM ,,4
BCH,1,1,Jean-Jacques,ET,3.197781,12.814603,2017-02-11T06:39:23Z,WNG 160,100,110,,774,CW,,h,CDC,Cloudy,,2/11/2017,,EM ,,4
BCH,1,1,Jean-Jacques,ET,3.198499,12.813529,2017-02-11T06:45:22Z,BCH 161,80,100,,935,CW,,h,CDC,Cloudy,,2/11/2017,,EM ,,4
BCH,2,2,Jean-Jacques,ET,3.199661,12.812092,2017-02-11T06:52:36Z,BCH 162,50,180,,1160,CW,,s,CDC,Cloudy,,2/11/2017,,EM ,,4
GBT,2,2,Jean-Jacques,ET,3.200025,12.811347,2017-02-11T06:55:13Z,GBT 163,150,200,,1270,CW,,h,CDC,Cloudy,,2/11/2017,,EM ,,4
WTH,2,2,Jean-Jacques,ET,3.200025,12.811347,2017-02-11T06:55:13Z,GBT 163,50,345,,1270,CW,,h,CDC,Cloudy,,2/11/2017,,EM ,,4
AGP,2,2,Jean-Jacques,ET,3.201922,12.810904,2017-02-11T07:04:16Z,AGP 164,40,190,,1520,CW,,s,CDC,Cloudy,,2/11/2017,,MM,,4
AGP,1,1,Jean-Jacques,ET,3.202709,12.810881,2017-02-11T07:07:10Z,AGP 165,40,340,,1520,CW,,s,CDC,Cloudy,,2/11/2017,,MM,,4
APH,1,1,Jean-Jacques,ET,3.202709,12.810881,2017-02-11T07:07:10Z,AGP 165,100,155,,1520,CW,,h,CDC,Cloudy,,2/11/2017,,MM,,4
GBT,2,2,Jean-Jacques,ET,3.204,12.811794,2017-02-11T07:13:28Z,GBT 166,300,265,,1780,CW,,h,CDC,Cloudy,,2/11/2017,,MM,,4
BCH,2,2,Jean-Jacques,ET,3.204827,12.812453,2017-02-11T07:17:31Z,BCH 167,150,290,,1870,CW,,h,CDC,Cloudy,,2/11/2017,END: 8:36,MM,,4
MM,2,2,Jean-Jacques,ET,3.208855,12.81498,2017-02-11T08:18:00Z,MM 168,30,70,,500,CW,,s,Blowdown,Partly Sunny,,2/11/2017,START: 8:54,MM,,4
BCH,2,2,Jean-Jacques,ET,3.209071,12.815902,2017-02-11T08:22:55Z,BCH 169,100,90,,590,CW,,h,Blowdown,Partly Sunny,,2/11/2017,,MM,,4
BCH,2,2,Jean-Jacques,ET,3.209888,12.818728,2017-02-11T08:44:21Z,BCH 170,100,30,,910,CW,,h,Blowdown,Partly Sunny,,2/11/2017,,MM,,4
BCH,12,12,Jean-Jacques,ET,3.210722,12.819952,2017-02-11T08:51:12Z,BCH 171,50,10,,1080,CW,,h,Blowdown,Partly Sunny,,2/11/2017,END: 10:04,MM,,4
MM,1,1,Jean-Jacques,TJ,3.189758,12.813935,2017-02-12T06:19:09Z,MM 172,10,225,,117,CW,,s,SB SWAMP LOOP,overcast,,2/12/2017,START;7:12,EM,,4
BCH,1,1,Jean-Jacques,TJ,3.189686,12.813883,2017-02-12T06:24:30Z,BCH173,100,340,,117,CW,,h,SB SWAMP LOOP,overcast,,2/12/2017,,EM,,4
APH,2,2,Jean-Jacques,TJ,3.187567,12.814649,2017-02-12T06:42:25Z,APH 174,30,135,,368,CW,,h,SB SWAMP LOOP,overcast,,2/12/2017,,EM,,4
RBDH,2,2,Jean-Jacques,TJ,3.187188,12.815303,2017-02-12T06:48:03Z,RBDH175,100,350,,368,CW,,h,SB SWAMP LOOP,overcast,,2/12/2017,, ,,4
BCH,2,2,Jean-Jacques,TJ,3.186877,12.815458,2017-02-12T06:52:59Z,BCH 176,50,350,,369,CW,,h,SB SWAMP LOOP,overcast,,2/12/2017,,EM,,4
WNG,2,2,Jean-Jacques,TJ,3.185378,12.815475,2017-02-12T07:05:10Z,WNG 177,150,25,,685,CW,,h,SB SWAMP LOOP,overcast,,2/12/2017,,MM,,4
BCH,2,2,Jean-Jacques,TJ,3.184356,12.813265,2017-02-12T07:19:17Z,BCH 178,200,285,,925,CW,,h,SB SWAMP LOOP,overcast,,2/12/2017,END:8:21,MM,,4
